Model,MAE,RMSE,MAPE(%)
Naive (tahmin = son değer),1152.550537109375,1527.31787109375,3.142508029937744
LSTM (SEQ_LEN=24),406.2178955078125,560.2154541015625,1.116797685623169
